Date,Year,Month,Month Year
1/1/2016,2016,1,Jan-16
1/2/2016,2016,1,Jan-16
1/3/2016,2016,1,Jan-16
1/4/2016,2016,1,Jan-16
1/5/2016,2016,1,Jan-16
1/6/2016,2016,1,Jan-16
1/7/2016,2016,1,Jan-16
1/8/2016,2016,1,Jan-16
1/9/2016,2016,1,Jan-16
1/10/2016,2016,1,Jan-16
1/11/2016,2016,1,Jan-16
1/12/2016,2016,1,Jan-16
1/13/2016,2016,1,Jan-16
1/14/2016,2016,1,Jan-16
1/15/2016,2016,1,Jan-16
1/16/2016,2016,1,Jan-16
1/17/2016,2016,1,Jan-16
1/18/2016,2016,1,Jan-16
1/19/2016,2016,1,Jan-16
1/20/2016,2016,1,Jan-16
1/21/2016,2016,1,Jan-16
1/22/2016,2016,1,Jan-16
1/23/2016,2016,1,Jan-16
1/24/2016,2016,1,Jan-16
1/25/2016,2016,1,Jan-16
1/26/2016,2016,1,Jan-16
1/27/2016,2016,1,Jan-16
1/28/2016,2016,1,Jan-16
1/29/2016,2016,1,Jan-16
1/30/2016,2016,1,Jan-16
1/31/2016,2016,1,Jan-16
2/1/2016,2016,2,Feb-16
2/2/2016,2016,2,Feb-16
2/3/2016,2016,2,Feb-16
2/4/2016,2016,2,Feb-16
2/5/2016,2016,2,Feb-16
2/6/2016,2016,2,Feb-16
2/7/2016,2016,2,Feb-16
2/8/2016,2016,2,Feb-16
2/9/2016,2016,2,Feb-16
2/10/2016,2016,2,Feb-16
2/11/2016,2016,2,Feb-16
2/12/2016,2016,2,Feb-16
2/13/2016,2016,2,Feb-16
2/14/2016,2016,2,Feb-16
2/15/2016,2016,2,Feb-16
2/16/2016,2016,2,Feb-16
2/17/2016,2016,2,Feb-16
2/18/2016,2016,2,Feb-16
2/19/2016,2016,2,Feb-16
2/20/2016,2016,2,Feb-16
2/21/2016,2016,2,Feb-16
2/22/2016,2016,2,Feb-16
2/23/2016,2016,2,Feb-16
2/24/2016,2016,2,Feb-16
2/25/2016,2016,2,Feb-16
2/26/2016,2016,2,Feb-16
2/27/2016,2016,2,Feb-16
2/28/2016,2016,2,Feb-16
2/29/2016,2016,2,Feb-16
3/1/2016,2016,3,Mar-16
3/2/2016,2016,3,Mar-16
3/3/2016,2016,3,Mar-16
3/4/2016,2016,3,Mar-16
3/5/2016,2016,3,Mar-16
3/6/2016,2016,3,Mar-16
3/7/2016,2016,3,Mar-16
3/8/2016,2016,3,Mar-16
3/9/2016,2016,3,Mar-16
3/10/2016,2016,3,Mar-16
3/11/2016,2016,3,Mar-16
3/12/2016,2016,3,Mar-16
3/13/2016,2016,3,Mar-16
3/14/2016,2016,3,Mar-16
3/15/2016,2016,3,Mar-16
3/16/2016,2016,3,Mar-16
3/17/2016,2016,3,Mar-16
3/18/2016,2016,3,Mar-16
3/19/2016,2016,3,Mar-16
3/20/2016,2016,3,Mar-16
3/21/2016,2016,3,Mar-16
3/22/2016,2016,3,Mar-16
3/23/2016,2016,3,Mar-16
3/24/2016,2016,3,Mar-16
3/25/2016,2016,3,Mar-16
3/26/2016,2016,3,Mar-16
3/27/2016,2016,3,Mar-16
3/28/2016,2016,3,Mar-16
3/29/2016,2016,3,Mar-16
3/30/2016,2016,3,Mar-16
3/31/2016,2016,3,Mar-16
4/1/2016,2016,4,Apr-16
4/2/2016,2016,4,Apr-16
4/3/2016,2016,4,Apr-16
4/4/2016,2016,4,Apr-16
4/5/2016,2016,4,Apr-16
4/6/2016,2016,4,Apr-16
4/7/2016,2016,4,Apr-16
4/8/2016,2016,4,Apr-16
4/9/2016,2016,4,Apr-16
4/10/2016,2016,4,Apr-16
4/11/2016,2016,4,Apr-16
4/12/2016,2016,4,Apr-16
4/13/2016,2016,4,Apr-16
4/14/2016,2016,4,Apr-16
4/15/2016,2016,4,Apr-16
4/16/2016,2016,4,Apr-16
4/17/2016,2016,4,Apr-16
4/18/2016,2016,4,Apr-16
4/19/2016,2016,4,Apr-16
4/20/2016,2016,4,Apr-16
4/21/2016,2016,4,Apr-16
4/22/2016,2016,4,Apr-16
4/23/2016,2016,4,Apr-16
4/24/2016,2016,4,Apr-16
4/25/2016,2016,4,Apr-16
4/26/2016,2016,4,Apr-16
4/27/2016,2016,4,Apr-16
4/28/2016,2016,4,Apr-16
4/29/2016,2016,4,Apr-16
4/30/2016,2016,4,Apr-16
5/1/2016,2016,5,May-16
5/2/2016,2016,5,May-16
5/3/2016,2016,5,May-16
5/4/2016,2016,5,May-16
5/5/2016,2016,5,May-16
5/6/2016,2016,5,May-16
5/7/2016,2016,5,May-16
5/8/2016,2016,5,May-16
5/9/2016,2016,5,May-16
5/10/2016,2016,5,May-16
5/11/2016,2016,5,May-16
5/12/2016,2016,5,May-16
5/13/2016,2016,5,May-16
5/14/2016,2016,5,May-16
5/15/2016,2016,5,May-16
5/16/2016,2016,5,May-16
5/17/2016,2016,5,May-16
5/18/2016,2016,5,May-16
5/19/2016,2016,5,May-16
5/20/2016,2016,5,May-16
5/21/2016,2016,5,May-16
5/22/2016,2016,5,May-16
5/23/2016,2016,5,May-16
5/24/2016,2016,5,May-16
5/25/2016,2016,5,May-16
5/26/2016,2016,5,May-16
5/27/2016,2016,5,May-16
5/28/2016,2016,5,May-16
5/29/2016,2016,5,May-16
5/30/2016,2016,5,May-16
5/31/2016,2016,5,May-16
6/1/2016,2016,6,Jun-16
6/2/2016,2016,6,Jun-16
6/3/2016,2016,6,Jun-16
6/4/2016,2016,6,Jun-16
6/5/2016,2016,6,Jun-16
6/6/2016,2016,6,Jun-16
6/7/2016,2016,6,Jun-16
6/8/2016,2016,6,Jun-16
6/9/2016,2016,6,Jun-16
6/10/2016,2016,6,Jun-16
6/11/2016,2016,6,Jun-16
6/12/2016,2016,6,Jun-16
6/13/2016,2016,6,Jun-16
6/14/2016,2016,6,Jun-16
6/15/2016,2016,6,Jun-16
6/16/2016,2016,6,Jun-16
6/17/2016,2016,6,Jun-16
6/18/2016,2016,6,Jun-16
6/19/2016,2016,6,Jun-16
6/20/2016,2016,6,Jun-16
6/21/2016,2016,6,Jun-16
6/22/2016,2016,6,Jun-16
6/23/2016,2016,6,Jun-16
6/24/2016,2016,6,Jun-16
6/25/2016,2016,6,Jun-16
6/26/2016,2016,6,Jun-16
6/27/2016,2016,6,Jun-16
6/28/2016,2016,6,Jun-16
6/29/2016,2016,6,Jun-16
6/30/2016,2016,6,Jun-16
7/1/2016,2016,7,Jul-16
7/2/2016,2016,7,Jul-16
7/3/2016,2016,7,Jul-16
7/4/2016,2016,7,Jul-16
7/5/2016,2016,7,Jul-16
7/6/2016,2016,7,Jul-16
7/7/2016,2016,7,Jul-16
7/8/2016,2016,7,Jul-16
7/9/2016,2016,7,Jul-16
7/10/2016,2016,7,Jul-16
7/11/2016,2016,7,Jul-16
7/12/2016,2016,7,Jul-16
7/13/2016,2016,7,Jul-16
7/14/2016,2016,7,Jul-16
7/15/2016,2016,7,Jul-16
7/16/2016,2016,7,Jul-16
7/17/2016,2016,7,Jul-16
7/18/2016,2016,7,Jul-16
7/19/2016,2016,7,Jul-16
7/20/2016,2016,7,Jul-16
7/21/2016,2016,7,Jul-16
7/22/2016,2016,7,Jul-16
7/23/2016,2016,7,Jul-16
7/24/2016,2016,7,Jul-16
7/25/2016,2016,7,Jul-16
7/26/2016,2016,7,Jul-16
7/27/2016,2016,7,Jul-16
7/28/2016,2016,7,Jul-16
7/29/2016,2016,7,Jul-16
7/30/2016,2016,7,Jul-16
7/31/2016,2016,7,Jul-16
8/1/2016,2016,8,Aug-16
8/2/2016,2016,8,Aug-16
8/3/2016,2016,8,Aug-16
8/4/2016,2016,8,Aug-16
8/5/2016,2016,8,Aug-16
8/6/2016,2016,8,Aug-16
8/7/2016,2016,8,Aug-16
8/8/2016,2016,8,Aug-16
8/9/2016,2016,8,Aug-16
8/10/2016,2016,8,Aug-16
8/11/2016,2016,8,Aug-16
8/12/2016,2016,8,Aug-16
8/13/2016,2016,8,Aug-16
8/14/2016,2016,8,Aug-16
8/15/2016,2016,8,Aug-16
8/16/2016,2016,8,Aug-16
8/17/2016,2016,8,Aug-16
8/18/2016,2016,8,Aug-16
8/19/2016,2016,8,Aug-16
8/20/2016,2016,8,Aug-16
8/21/2016,2016,8,Aug-16
8/22/2016,2016,8,Aug-16
8/23/2016,2016,8,Aug-16
8/24/2016,2016,8,Aug-16
8/25/2016,2016,8,Aug-16
8/26/2016,2016,8,Aug-16
8/27/2016,2016,8,Aug-16
8/28/2016,2016,8,Aug-16
8/29/2016,2016,8,Aug-16
8/30/2016,2016,8,Aug-16
8/31/2016,2016,8,Aug-16
9/1/2016,2016,9,Sep-16
9/2/2016,2016,9,Sep-16
9/3/2016,2016,9,Sep-16
9/4/2016,2016,9,Sep-16
9/5/2016,2016,9,Sep-16
9/6/2016,2016,9,Sep-16
9/7/2016,2016,9,Sep-16
9/8/2016,2016,9,Sep-16
9/9/2016,2016,9,Sep-16
9/10/2016,2016,9,Sep-16
9/11/2016,2016,9,Sep-16
9/12/2016,2016,9,Sep-16
9/13/2016,2016,9,Sep-16
9/14/2016,2016,9,Sep-16
9/15/2016,2016,9,Sep-16
9/16/2016,2016,9,Sep-16
9/17/2016,2016,9,Sep-16
9/18/2016,2016,9,Sep-16
9/19/2016,2016,9,Sep-16
9/20/2016,2016,9,Sep-16
9/21/2016,2016,9,Sep-16
9/22/2016,2016,9,Sep-16
9/23/2016,2016,9,Sep-16
9/24/2016,2016,9,Sep-16
9/25/2016,2016,9,Sep-16
9/26/2016,2016,9,Sep-16
9/27/2016,2016,9,Sep-16
9/28/2016,2016,9,Sep-16
9/29/2016,2016,9,Sep-16
9/30/2016,2016,9,Sep-16
10/1/2016,2016,10,Oct-16
10/2/2016,2016,10,Oct-16
10/3/2016,2016,10,Oct-16
10/4/2016,2016,10,Oct-16
10/5/2016,2016,10,Oct-16
10/6/2016,2016,10,Oct-16
10/7/2016,2016,10,Oct-16
10/8/2016,2016,10,Oct-16
10/9/2016,2016,10,Oct-16
10/10/2016,2016,10,Oct-16
10/11/2016,2016,10,Oct-16
10/12/2016,2016,10,Oct-16
10/13/2016,2016,10,Oct-16
10/14/2016,2016,10,Oct-16
10/15/2016,2016,10,Oct-16
10/16/2016,2016,10,Oct-16
10/17/2016,2016,10,Oct-16
10/18/2016,2016,10,Oct-16
10/19/2016,2016,10,Oct-16
10/20/2016,2016,10,Oct-16
10/21/2016,2016,10,Oct-16
10/22/2016,2016,10,Oct-16
10/23/2016,2016,10,Oct-16
10/24/2016,2016,10,Oct-16
10/25/2016,2016,10,Oct-16
10/26/2016,2016,10,Oct-16
10/27/2016,2016,10,Oct-16
10/28/2016,2016,10,Oct-16
10/29/2016,2016,10,Oct-16
10/30/2016,2016,10,Oct-16
10/31/2016,2016,10,Oct-16
11/1/2016,2016,11,Nov-16
11/2/2016,2016,11,Nov-16
11/3/2016,2016,11,Nov-16
11/4/2016,2016,11,Nov-16
11/5/2016,2016,11,Nov-16
11/6/2016,2016,11,Nov-16
11/7/2016,2016,11,Nov-16
11/8/2016,2016,11,Nov-16
11/9/2016,2016,11,Nov-16
11/10/2016,2016,11,Nov-16
11/11/2016,2016,11,Nov-16
11/12/2016,2016,11,Nov-16
11/13/2016,2016,11,Nov-16
11/14/2016,2016,11,Nov-16
11/15/2016,2016,11,Nov-16
11/16/2016,2016,11,Nov-16
11/17/2016,2016,11,Nov-16
11/18/2016,2016,11,Nov-16
11/19/2016,2016,11,Nov-16
11/20/2016,2016,11,Nov-16
11/21/2016,2016,11,Nov-16
11/22/2016,2016,11,Nov-16
11/23/2016,2016,11,Nov-16
11/24/2016,2016,11,Nov-16
11/25/2016,2016,11,Nov-16
11/26/2016,2016,11,Nov-16
11/27/2016,2016,11,Nov-16
11/28/2016,2016,11,Nov-16
11/29/2016,2016,11,Nov-16
11/30/2016,2016,11,Nov-16
12/1/2016,2016,12,Dec-16
12/2/2016,2016,12,Dec-16
12/3/2016,2016,12,Dec-16
12/4/2016,2016,12,Dec-16
12/5/2016,2016,12,Dec-16
12/6/2016,2016,12,Dec-16
12/7/2016,2016,12,Dec-16
12/8/2016,2016,12,Dec-16
12/9/2016,2016,12,Dec-16
12/10/2016,2016,12,Dec-16
12/11/2016,2016,12,Dec-16
12/12/2016,2016,12,Dec-16
12/13/2016,2016,12,Dec-16
12/14/2016,2016,12,Dec-16
12/15/2016,2016,12,Dec-16
12/16/2016,2016,12,Dec-16
12/17/2016,2016,12,Dec-16
12/18/2016,2016,12,Dec-16
12/19/2016,2016,12,Dec-16
12/20/2016,2016,12,Dec-16
12/21/2016,2016,12,Dec-16
12/22/2016,2016,12,Dec-16
12/23/2016,2016,12,Dec-16
12/24/2016,2016,12,Dec-16
12/25/2016,2016,12,Dec-16
12/26/2016,2016,12,Dec-16
12/27/2016,2016,12,Dec-16
12/28/2016,2016,12,Dec-16
12/29/2016,2016,12,Dec-16
12/30/2016,2016,12,Dec-16
12/31/2016,2016,12,Dec-16
1/1/2017,2017,1,Jan-17
1/2/2017,2017,1,Jan-17
1/3/2017,2017,1,Jan-17
1/4/2017,2017,1,Jan-17
1/5/2017,2017,1,Jan-17
1/6/2017,2017,1,Jan-17
1/7/2017,2017,1,Jan-17
1/8/2017,2017,1,Jan-17
1/9/2017,2017,1,Jan-17
1/10/2017,2017,1,Jan-17
1/11/2017,2017,1,Jan-17
1/12/2017,2017,1,Jan-17
1/13/2017,2017,1,Jan-17
1/14/2017,2017,1,Jan-17
1/15/2017,2017,1,Jan-17
1/16/2017,2017,1,Jan-17
1/17/2017,2017,1,Jan-17
1/18/2017,2017,1,Jan-17
1/19/2017,2017,1,Jan-17
1/20/2017,2017,1,Jan-17
1/21/2017,2017,1,Jan-17
1/22/2017,2017,1,Jan-17
1/23/2017,2017,1,Jan-17
1/24/2017,2017,1,Jan-17
1/25/2017,2017,1,Jan-17
1/26/2017,2017,1,Jan-17
1/27/2017,2017,1,Jan-17
1/28/2017,2017,1,Jan-17
1/29/2017,2017,1,Jan-17
1/30/2017,2017,1,Jan-17
1/31/2017,2017,1,Jan-17
2/1/2017,2017,2,Feb-17
2/2/2017,2017,2,Feb-17
2/3/2017,2017,2,Feb-17
2/4/2017,2017,2,Feb-17
2/5/2017,2017,2,Feb-17
2/6/2017,2017,2,Feb-17
2/7/2017,2017,2,Feb-17
2/8/2017,2017,2,Feb-17
2/9/2017,2017,2,Feb-17
2/10/2017,2017,2,Feb-17
2/11/2017,2017,2,Feb-17
2/12/2017,2017,2,Feb-17
2/13/2017,2017,2,Feb-17
2/14/2017,2017,2,Feb-17
2/15/2017,2017,2,Feb-17
2/16/2017,2017,2,Feb-17
2/17/2017,2017,2,Feb-17
2/18/2017,2017,2,Feb-17
2/19/2017,2017,2,Feb-17
2/20/2017,2017,2,Feb-17
2/21/2017,2017,2,Feb-17
2/22/2017,2017,2,Feb-17
2/23/2017,2017,2,Feb-17
2/24/2017,2017,2,Feb-17
2/25/2017,2017,2,Feb-17
2/26/2017,2017,2,Feb-17
2/27/2017,2017,2,Feb-17
2/28/2017,2017,2,Feb-17
3/1/2017,2017,3,Mar-17
3/2/2017,2017,3,Mar-17
3/3/2017,2017,3,Mar-17
3/4/2017,2017,3,Mar-17
3/5/2017,2017,3,Mar-17
3/6/2017,2017,3,Mar-17
3/7/2017,2017,3,Mar-17
3/8/2017,2017,3,Mar-17
3/9/2017,2017,3,Mar-17
3/10/2017,2017,3,Mar-17
3/11/2017,2017,3,Mar-17
3/12/2017,2017,3,Mar-17
3/13/2017,2017,3,Mar-17
3/14/2017,2017,3,Mar-17
3/15/2017,2017,3,Mar-17
3/16/2017,2017,3,Mar-17
3/17/2017,2017,3,Mar-17
3/18/2017,2017,3,Mar-17
3/19/2017,2017,3,Mar-17
3/20/2017,2017,3,Mar-17
3/21/2017,2017,3,Mar-17
3/22/2017,2017,3,Mar-17
3/23/2017,2017,3,Mar-17
3/24/2017,2017,3,Mar-17
3/25/2017,2017,3,Mar-17
3/26/2017,2017,3,Mar-17
3/27/2017,2017,3,Mar-17
3/28/2017,2017,3,Mar-17
3/29/2017,2017,3,Mar-17
3/30/2017,2017,3,Mar-17
3/31/2017,2017,3,Mar-17
4/1/2017,2017,4,Apr-17
4/2/2017,2017,4,Apr-17
4/3/2017,2017,4,Apr-17
4/4/2017,2017,4,Apr-17
4/5/2017,2017,4,Apr-17
4/6/2017,2017,4,Apr-17
4/7/2017,2017,4,Apr-17
4/8/2017,2017,4,Apr-17
4/9/2017,2017,4,Apr-17
4/10/2017,2017,4,Apr-17
4/11/2017,2017,4,Apr-17
4/12/2017,2017,4,Apr-17
4/13/2017,2017,4,Apr-17
4/14/2017,2017,4,Apr-17
4/15/2017,2017,4,Apr-17
4/16/2017,2017,4,Apr-17
4/17/2017,2017,4,Apr-17
4/18/2017,2017,4,Apr-17
4/19/2017,2017,4,Apr-17
4/20/2017,2017,4,Apr-17
4/21/2017,2017,4,Apr-17
4/22/2017,2017,4,Apr-17
4/23/2017,2017,4,Apr-17
4/24/2017,2017,4,Apr-17
4/25/2017,2017,4,Apr-17
4/26/2017,2017,4,Apr-17
4/27/2017,2017,4,Apr-17
4/28/2017,2017,4,Apr-17
4/29/2017,2017,4,Apr-17
4/30/2017,2017,4,Apr-17
5/1/2017,2017,5,May-17
5/2/2017,2017,5,May-17
5/3/2017,2017,5,May-17
5/4/2017,2017,5,May-17
5/5/2017,2017,5,May-17
5/6/2017,2017,5,May-17
5/7/2017,2017,5,May-17
5/8/2017,2017,5,May-17
5/9/2017,2017,5,May-17
5/10/2017,2017,5,May-17
5/11/2017,2017,5,May-17
5/12/2017,2017,5,May-17
5/13/2017,2017,5,May-17
5/14/2017,2017,5,May-17
5/15/2017,2017,5,May-17
5/16/2017,2017,5,May-17
5/17/2017,2017,5,May-17
5/18/2017,2017,5,May-17
5/19/2017,2017,5,May-17
5/20/2017,2017,5,May-17
5/21/2017,2017,5,May-17
5/22/2017,2017,5,May-17
5/23/2017,2017,5,May-17
5/24/2017,2017,5,May-17
5/25/2017,2017,5,May-17
5/26/2017,2017,5,May-17
5/27/2017,2017,5,May-17
5/28/2017,2017,5,May-17
5/29/2017,2017,5,May-17
5/30/2017,2017,5,May-17
5/31/2017,2017,5,May-17
6/1/2017,2017,6,Jun-17
6/2/2017,2017,6,Jun-17
6/3/2017,2017,6,Jun-17
6/4/2017,2017,6,Jun-17
6/5/2017,2017,6,Jun-17
6/6/2017,2017,6,Jun-17
6/7/2017,2017,6,Jun-17
6/8/2017,2017,6,Jun-17
6/9/2017,2017,6,Jun-17
6/10/2017,2017,6,Jun-17
6/11/2017,2017,6,Jun-17
6/12/2017,2017,6,Jun-17
6/13/2017,2017,6,Jun-17
6/14/2017,2017,6,Jun-17
6/15/2017,2017,6,Jun-17
6/16/2017,2017,6,Jun-17
6/17/2017,2017,6,Jun-17
6/18/2017,2017,6,Jun-17
6/19/2017,2017,6,Jun-17
6/20/2017,2017,6,Jun-17
6/21/2017,2017,6,Jun-17
6/22/2017,2017,6,Jun-17
6/23/2017,2017,6,Jun-17
6/24/2017,2017,6,Jun-17
6/25/2017,2017,6,Jun-17
6/26/2017,2017,6,Jun-17
6/27/2017,2017,6,Jun-17
6/28/2017,2017,6,Jun-17
6/29/2017,2017,6,Jun-17
6/30/2017,2017,6,Jun-17
7/1/2017,2017,7,Jul-17
7/2/2017,2017,7,Jul-17
7/3/2017,2017,7,Jul-17
7/4/2017,2017,7,Jul-17
7/5/2017,2017,7,Jul-17
7/6/2017,2017,7,Jul-17
7/7/2017,2017,7,Jul-17
7/8/2017,2017,7,Jul-17
7/9/2017,2017,7,Jul-17
7/10/2017,2017,7,Jul-17
7/11/2017,2017,7,Jul-17
7/12/2017,2017,7,Jul-17
7/13/2017,2017,7,Jul-17
7/14/2017,2017,7,Jul-17
7/15/2017,2017,7,Jul-17
7/16/2017,2017,7,Jul-17
7/17/2017,2017,7,Jul-17
7/18/2017,2017,7,Jul-17
7/19/2017,2017,7,Jul-17
7/20/2017,2017,7,Jul-17
7/21/2017,2017,7,Jul-17
7/22/2017,2017,7,Jul-17
7/23/2017,2017,7,Jul-17
7/24/2017,2017,7,Jul-17
7/25/2017,2017,7,Jul-17
7/26/2017,2017,7,Jul-17
7/27/2017,2017,7,Jul-17
7/28/2017,2017,7,Jul-17
7/29/2017,2017,7,Jul-17
7/30/2017,2017,7,Jul-17
7/31/2017,2017,7,Jul-17
8/1/2017,2017,8,Aug-17
8/2/2017,2017,8,Aug-17
8/3/2017,2017,8,Aug-17
8/4/2017,2017,8,Aug-17
8/5/2017,2017,8,Aug-17
8/6/2017,2017,8,Aug-17
8/7/2017,2017,8,Aug-17
8/8/2017,2017,8,Aug-17
8/9/2017,2017,8,Aug-17
8/10/2017,2017,8,Aug-17
8/11/2017,2017,8,Aug-17
8/12/2017,2017,8,Aug-17
8/13/2017,2017,8,Aug-17
8/14/2017,2017,8,Aug-17
8/15/2017,2017,8,Aug-17
8/16/2017,2017,8,Aug-17
8/17/2017,2017,8,Aug-17
8/18/2017,2017,8,Aug-17
8/19/2017,2017,8,Aug-17
8/20/2017,2017,8,Aug-17
8/21/2017,2017,8,Aug-17
8/22/2017,2017,8,Aug-17
8/23/2017,2017,8,Aug-17
8/24/2017,2017,8,Aug-17
8/25/2017,2017,8,Aug-17
8/26/2017,2017,8,Aug-17
8/27/2017,2017,8,Aug-17
8/28/2017,2017,8,Aug-17
8/29/2017,2017,8,Aug-17
8/30/2017,2017,8,Aug-17
8/31/2017,2017,8,Aug-17
9/1/2017,2017,9,Sep-17
9/2/2017,2017,9,Sep-17
9/3/2017,2017,9,Sep-17
9/4/2017,2017,9,Sep-17
9/5/2017,2017,9,Sep-17
9/6/2017,2017,9,Sep-17
9/7/2017,2017,9,Sep-17
9/8/2017,2017,9,Sep-17
9/9/2017,2017,9,Sep-17
9/10/2017,2017,9,Sep-17
9/11/2017,2017,9,Sep-17
9/12/2017,2017,9,Sep-17
9/13/2017,2017,9,Sep-17
9/14/2017,2017,9,Sep-17
9/15/2017,2017,9,Sep-17
9/16/2017,2017,9,Sep-17
9/17/2017,2017,9,Sep-17
9/18/2017,2017,9,Sep-17
9/19/2017,2017,9,Sep-17
9/20/2017,2017,9,Sep-17
9/21/2017,2017,9,Sep-17
9/22/2017,2017,9,Sep-17
9/23/2017,2017,9,Sep-17
9/24/2017,2017,9,Sep-17
9/25/2017,2017,9,Sep-17
9/26/2017,2017,9,Sep-17
9/27/2017,2017,9,Sep-17
9/28/2017,2017,9,Sep-17
9/29/2017,2017,9,Sep-17
9/30/2017,2017,9,Sep-17
10/1/2017,2017,10,Oct-17
10/2/2017,2017,10,Oct-17
10/3/2017,2017,10,Oct-17
10/4/2017,2017,10,Oct-17
10/5/2017,2017,10,Oct-17
10/6/2017,2017,10,Oct-17
10/7/2017,2017,10,Oct-17
10/8/2017,2017,10,Oct-17
10/9/2017,2017,10,Oct-17
10/10/2017,2017,10,Oct-17
10/11/2017,2017,10,Oct-17
10/12/2017,2017,10,Oct-17
10/13/2017,2017,10,Oct-17
10/14/2017,2017,10,Oct-17
10/15/2017,2017,10,Oct-17
10/16/2017,2017,10,Oct-17
10/17/2017,2017,10,Oct-17
10/18/2017,2017,10,Oct-17
10/19/2017,2017,10,Oct-17
10/20/2017,2017,10,Oct-17
10/21/2017,2017,10,Oct-17
10/22/2017,2017,10,Oct-17
10/23/2017,2017,10,Oct-17
10/24/2017,2017,10,Oct-17
10/25/2017,2017,10,Oct-17
10/26/2017,2017,10,Oct-17
10/27/2017,2017,10,Oct-17
10/28/2017,2017,10,Oct-17
10/29/2017,2017,10,Oct-17
10/30/2017,2017,10,Oct-17
10/31/2017,2017,10,Oct-17
11/1/2017,2017,11,Nov-17
11/2/2017,2017,11,Nov-17
11/3/2017,2017,11,Nov-17
11/4/2017,2017,11,Nov-17
11/5/2017,2017,11,Nov-17
11/6/2017,2017,11,Nov-17
11/7/2017,2017,11,Nov-17
11/8/2017,2017,11,Nov-17
11/9/2017,2017,11,Nov-17
11/10/2017,2017,11,Nov-17
11/11/2017,2017,11,Nov-17
11/12/2017,2017,11,Nov-17
11/13/2017,2017,11,Nov-17
11/14/2017,2017,11,Nov-17
11/15/2017,2017,11,Nov-17
11/16/2017,2017,11,Nov-17
11/17/2017,2017,11,Nov-17
11/18/2017,2017,11,Nov-17
11/19/2017,2017,11,Nov-17
11/20/2017,2017,11,Nov-17
11/21/2017,2017,11,Nov-17
11/22/2017,2017,11,Nov-17
11/23/2017,2017,11,Nov-17
11/24/2017,2017,11,Nov-17
11/25/2017,2017,11,Nov-17
11/26/2017,2017,11,Nov-17
11/27/2017,2017,11,Nov-17
11/28/2017,2017,11,Nov-17
11/29/2017,2017,11,Nov-17
11/30/2017,2017,11,Nov-17
12/1/2017,2017,12,Dec-17
12/2/2017,2017,12,Dec-17
12/3/2017,2017,12,Dec-17
12/4/2017,2017,12,Dec-17
12/5/2017,2017,12,Dec-17
12/6/2017,2017,12,Dec-17
12/7/2017,2017,12,Dec-17
12/8/2017,2017,12,Dec-17
12/9/2017,2017,12,Dec-17
12/10/2017,2017,12,Dec-17
12/11/2017,2017,12,Dec-17
12/12/2017,2017,12,Dec-17
12/13/2017,2017,12,Dec-17
12/14/2017,2017,12,Dec-17
12/15/2017,2017,12,Dec-17
12/16/2017,2017,12,Dec-17
12/17/2017,2017,12,Dec-17
12/18/2017,2017,12,Dec-17
12/19/2017,2017,12,Dec-17
12/20/2017,2017,12,Dec-17
12/21/2017,2017,12,Dec-17
12/22/2017,2017,12,Dec-17
12/23/2017,2017,12,Dec-17
12/24/2017,2017,12,Dec-17
12/25/2017,2017,12,Dec-17
12/26/2017,2017,12,Dec-17
12/27/2017,2017,12,Dec-17
12/28/2017,2017,12,Dec-17
12/29/2017,2017,12,Dec-17
12/30/2017,2017,12,Dec-17
12/31/2017,2017,12,Dec-17
1/1/2018,2018,1,Jan-18
1/2/2018,2018,1,Jan-18
1/3/2018,2018,1,Jan-18
1/4/2018,2018,1,Jan-18
1/5/2018,2018,1,Jan-18
1/6/2018,2018,1,Jan-18
1/7/2018,2018,1,Jan-18
1/8/2018,2018,1,Jan-18
1/9/2018,2018,1,Jan-18
1/10/2018,2018,1,Jan-18
1/11/2018,2018,1,Jan-18
1/12/2018,2018,1,Jan-18
1/13/2018,2018,1,Jan-18
1/14/2018,2018,1,Jan-18
1/15/2018,2018,1,Jan-18
1/16/2018,2018,1,Jan-18
1/17/2018,2018,1,Jan-18
1/18/2018,2018,1,Jan-18
1/19/2018,2018,1,Jan-18
1/20/2018,2018,1,Jan-18
1/21/2018,2018,1,Jan-18
1/22/2018,2018,1,Jan-18
1/23/2018,2018,1,Jan-18
1/24/2018,2018,1,Jan-18
1/25/2018,2018,1,Jan-18
1/26/2018,2018,1,Jan-18
1/27/2018,2018,1,Jan-18
1/28/2018,2018,1,Jan-18
1/29/2018,2018,1,Jan-18
1/30/2018,2018,1,Jan-18
1/31/2018,2018,1,Jan-18
2/1/2018,2018,2,Feb-18
2/2/2018,2018,2,Feb-18
2/3/2018,2018,2,Feb-18
2/4/2018,2018,2,Feb-18
2/5/2018,2018,2,Feb-18
2/6/2018,2018,2,Feb-18
2/7/2018,2018,2,Feb-18
2/8/2018,2018,2,Feb-18
2/9/2018,2018,2,Feb-18
2/10/2018,2018,2,Feb-18
2/11/2018,2018,2,Feb-18
2/12/2018,2018,2,Feb-18
2/13/2018,2018,2,Feb-18
2/14/2018,2018,2,Feb-18
2/15/2018,2018,2,Feb-18
2/16/2018,2018,2,Feb-18
2/17/2018,2018,2,Feb-18
2/18/2018,2018,2,Feb-18
2/19/2018,2018,2,Feb-18
2/20/2018,2018,2,Feb-18
2/21/2018,2018,2,Feb-18
2/22/2018,2018,2,Feb-18
2/23/2018,2018,2,Feb-18
2/24/2018,2018,2,Feb-18
2/25/2018,2018,2,Feb-18
2/26/2018,2018,2,Feb-18
2/27/2018,2018,2,Feb-18
2/28/2018,2018,2,Feb-18
3/1/2018,2018,3,Mar-18
3/2/2018,2018,3,Mar-18
3/3/2018,2018,3,Mar-18
3/4/2018,2018,3,Mar-18
3/5/2018,2018,3,Mar-18
3/6/2018,2018,3,Mar-18
3/7/2018,2018,3,Mar-18
3/8/2018,2018,3,Mar-18
3/9/2018,2018,3,Mar-18
3/10/2018,2018,3,Mar-18
3/11/2018,2018,3,Mar-18
3/12/2018,2018,3,Mar-18
3/13/2018,2018,3,Mar-18
3/14/2018,2018,3,Mar-18
3/15/2018,2018,3,Mar-18
3/16/2018,2018,3,Mar-18
3/17/2018,2018,3,Mar-18
3/18/2018,2018,3,Mar-18
3/19/2018,2018,3,Mar-18
3/20/2018,2018,3,Mar-18
3/21/2018,2018,3,Mar-18
3/22/2018,2018,3,Mar-18
3/23/2018,2018,3,Mar-18
3/24/2018,2018,3,Mar-18
3/25/2018,2018,3,Mar-18
3/26/2018,2018,3,Mar-18
3/27/2018,2018,3,Mar-18
3/28/2018,2018,3,Mar-18
3/29/2018,2018,3,Mar-18
3/30/2018,2018,3,Mar-18
3/31/2018,2018,3,Mar-18
4/1/2018,2018,4,Apr-18
4/2/2018,2018,4,Apr-18
4/3/2018,2018,4,Apr-18
4/4/2018,2018,4,Apr-18
4/5/2018,2018,4,Apr-18
4/6/2018,2018,4,Apr-18
4/7/2018,2018,4,Apr-18
4/8/2018,2018,4,Apr-18
4/9/2018,2018,4,Apr-18
4/10/2018,2018,4,Apr-18
4/11/2018,2018,4,Apr-18
4/12/2018,2018,4,Apr-18
4/13/2018,2018,4,Apr-18
4/14/2018,2018,4,Apr-18
4/15/2018,2018,4,Apr-18
4/16/2018,2018,4,Apr-18
4/17/2018,2018,4,Apr-18
4/18/2018,2018,4,Apr-18
4/19/2018,2018,4,Apr-18
4/20/2018,2018,4,Apr-18
4/21/2018,2018,4,Apr-18
4/22/2018,2018,4,Apr-18
4/23/2018,2018,4,Apr-18
4/24/2018,2018,4,Apr-18
4/25/2018,2018,4,Apr-18
4/26/2018,2018,4,Apr-18
4/27/2018,2018,4,Apr-18
4/28/2018,2018,4,Apr-18
4/29/2018,2018,4,Apr-18
4/30/2018,2018,4,Apr-18
5/1/2018,2018,5,May-18
5/2/2018,2018,5,May-18
5/3/2018,2018,5,May-18
5/4/2018,2018,5,May-18
5/5/2018,2018,5,May-18
5/6/2018,2018,5,May-18
5/7/2018,2018,5,May-18
5/8/2018,2018,5,May-18
5/9/2018,2018,5,May-18
5/10/2018,2018,5,May-18
5/11/2018,2018,5,May-18
5/12/2018,2018,5,May-18
5/13/2018,2018,5,May-18
5/14/2018,2018,5,May-18
5/15/2018,2018,5,May-18
5/16/2018,2018,5,May-18
5/17/2018,2018,5,May-18
5/18/2018,2018,5,May-18
5/19/2018,2018,5,May-18
5/20/2018,2018,5,May-18
5/21/2018,2018,5,May-18
5/22/2018,2018,5,May-18
5/23/2018,2018,5,May-18
5/24/2018,2018,5,May-18
5/25/2018,2018,5,May-18
5/26/2018,2018,5,May-18
5/27/2018,2018,5,May-18
5/28/2018,2018,5,May-18
5/29/2018,2018,5,May-18
5/30/2018,2018,5,May-18
5/31/2018,2018,5,May-18
6/1/2018,2018,6,Jun-18
6/2/2018,2018,6,Jun-18
6/3/2018,2018,6,Jun-18
6/4/2018,2018,6,Jun-18
6/5/2018,2018,6,Jun-18
6/6/2018,2018,6,Jun-18
6/7/2018,2018,6,Jun-18
6/8/2018,2018,6,Jun-18
6/9/2018,2018,6,Jun-18
6/10/2018,2018,6,Jun-18
6/11/2018,2018,6,Jun-18
6/12/2018,2018,6,Jun-18
6/13/2018,2018,6,Jun-18
6/14/2018,2018,6,Jun-18
6/15/2018,2018,6,Jun-18
6/16/2018,2018,6,Jun-18
6/17/2018,2018,6,Jun-18
6/18/2018,2018,6,Jun-18
6/19/2018,2018,6,Jun-18
6/20/2018,2018,6,Jun-18
6/21/2018,2018,6,Jun-18
6/22/2018,2018,6,Jun-18
6/23/2018,2018,6,Jun-18
6/24/2018,2018,6,Jun-18
6/25/2018,2018,6,Jun-18
6/26/2018,2018,6,Jun-18
6/27/2018,2018,6,Jun-18
6/28/2018,2018,6,Jun-18
6/29/2018,2018,6,Jun-18
6/30/2018,2018,6,Jun-18
7/1/2018,2018,7,Jul-18
7/2/2018,2018,7,Jul-18
7/3/2018,2018,7,Jul-18
7/4/2018,2018,7,Jul-18
7/5/2018,2018,7,Jul-18
7/6/2018,2018,7,Jul-18
7/7/2018,2018,7,Jul-18
7/8/2018,2018,7,Jul-18
7/9/2018,2018,7,Jul-18
7/10/2018,2018,7,Jul-18
7/11/2018,2018,7,Jul-18
7/12/2018,2018,7,Jul-18
7/13/2018,2018,7,Jul-18
7/14/2018,2018,7,Jul-18
7/15/2018,2018,7,Jul-18
7/16/2018,2018,7,Jul-18
7/17/2018,2018,7,Jul-18
7/18/2018,2018,7,Jul-18
7/19/2018,2018,7,Jul-18
7/20/2018,2018,7,Jul-18
7/21/2018,2018,7,Jul-18
7/22/2018,2018,7,Jul-18
7/23/2018,2018,7,Jul-18
7/24/2018,2018,7,Jul-18
7/25/2018,2018,7,Jul-18
7/26/2018,2018,7,Jul-18
7/27/2018,2018,7,Jul-18
7/28/2018,2018,7,Jul-18
7/29/2018,2018,7,Jul-18
7/30/2018,2018,7,Jul-18
7/31/2018,2018,7,Jul-18
8/1/2018,2018,8,Aug-18
8/2/2018,2018,8,Aug-18
8/3/2018,2018,8,Aug-18
8/4/2018,2018,8,Aug-18
8/5/2018,2018,8,Aug-18
8/6/2018,2018,8,Aug-18
8/7/2018,2018,8,Aug-18
8/8/2018,2018,8,Aug-18
8/9/2018,2018,8,Aug-18
8/10/2018,2018,8,Aug-18
8/11/2018,2018,8,Aug-18
8/12/2018,2018,8,Aug-18
8/13/2018,2018,8,Aug-18
8/14/2018,2018,8,Aug-18
8/15/2018,2018,8,Aug-18
8/16/2018,2018,8,Aug-18
8/17/2018,2018,8,Aug-18
8/18/2018,2018,8,Aug-18
8/19/2018,2018,8,Aug-18
8/20/2018,2018,8,Aug-18
8/21/2018,2018,8,Aug-18
8/22/2018,2018,8,Aug-18
8/23/2018,2018,8,Aug-18
8/24/2018,2018,8,Aug-18
8/25/2018,2018,8,Aug-18
8/26/2018,2018,8,Aug-18
8/27/2018,2018,8,Aug-18
8/28/2018,2018,8,Aug-18
8/29/2018,2018,8,Aug-18
8/30/2018,2018,8,Aug-18
8/31/2018,2018,8,Aug-18
